I have a problem with my email *,email-issue
My mail is not working *,email-issue
I have logged into my outlook account *,email-issue
My gmail email is not working *,email-issue
I can’t log into my email account *,email-issue
My staff member mail is not working properly,email-issue
Issue with web email *,email-issue
Can’t send e-mail *,email-issue
E-mail problem * ,email-issue
Student email is not working,email-issue
username@student.bham.ac.uk not working properly,email-issue
Problem with e-mail,email-issue
Email,email-issue
Email *,email-issue
Email compose,email-issue
Email new,email-issue
Mail,email-issue
exchange,email-issue
outlook, email-issue
mailbox,email-issue
inbox,email-issue
outbox,email-issue
mailhub,email-issue
Contacts Address,email-issue
Mailing List,email-issue
Office 365,email-issue
OWA,email-issue
Mail.bham,email-issue
Wired network,web-network-issue
Wired,web-network-issue
I have a problem with my wired network,web-network-issue
Web network,web-network-issue
There is a problem with the web network,web-network-issue
The internet network is not working,web-network-issue
ethernet,web-network-issue
network,web-network-issue
cable,web-network-issue
port,web-network-issue
no internet access,web-network-issue
slow internet,web-network-issue
wifi,wireless-network-issue
wireless,wireless-network-issue
eduroam,wireless-network-issue
uobwifi,wireless-network-issue
wifiguest,wireless-network-issue